{
  "movie": {
    "precision": 0.0,
    "recall": 0.0,
    "f1-score": 0.0,
    "support": 1
  },
  "time": {
    "precision": 0.0,
    "recall": 0.0,
    "f1-score": 0.0,
    "support": 1
  },
  "cafe": {
    "precision": 0.0,
    "recall": 0.0,
    "f1-score": 0.0,
    "support": 2
  },
  "location": {
    "precision": 1.0,
    "recall": 0.5,
    "f1-score": 0.6666666666666666,
    "support": 2
  },
  "city": {
    "precision": 0.0,
    "recall": 0.0,
    "f1-score": 0.0,
    "support": 1
  },
  "micro avg": {
    "precision": 1.0,
    "recall": 0.14285714285714285,
    "f1-score": 0.25,
    "support": 7
  },
  "macro avg": {
    "precision": 0.2,
    "recall": 0.1,
    "f1-score": 0.13333333333333333,
    "support": 7
  },
  "weighted avg": {
    "precision": 0.2857142857142857,
    "recall": 0.14285714285714285,
    "f1-score": 0.19047619047619047,
    "support": 7
  }
}