{
  "greet": {
    "precision": 0.6,
    "recall": 0.8571428571428571,
    "f1-score": 0.7058823529411764,
    "support": 7,
    "confused_with": {
      "affirm": 1
    }
  },
  "deny": {
    "precision": 0.5714285714285714,
    "recall": 0.36363636363636365,
    "f1-score": 0.4444444444444444,
    "support": 11,
    "confused_with": {
      "greet": 3,
      "proposition": 2
    }
  },
  "inform": {
    "precision": 0.3333333333333333,
    "recall": 0.42857142857142855,
    "f1-score": 0.375,
    "support": 7,
    "confused_with": {
      "proposition": 2,
      "deny": 1
    }
  },
  "affirm": {
    "precision": 0.25,
    "recall": 0.2,
    "f1-score": 0.22222222222222224,
    "support": 5,
    "confused_with": {
      "proposition": 1,
      "inform": 1,
      "greet": 1
    }
  },
  "proposition": {
    "precision": 0.16666666666666666,
    "recall": 0.16666666666666666,
    "f1-score": 0.16666666666666666,
    "support": 6,
    "confused_with": {
      "inform": 4,
      "deny": 1
    }
  },
  "micro avg": {
    "precision": 0.4166666666666667,
    "recall": 0.4166666666666667,
    "f1-score": 0.4166666666666667,
    "support": 36
  },
  "macro avg": {
    "precision": 0.38428571428571423,
    "recall": 0.40320346320346323,
    "f1-score": 0.382843137254902,
    "support": 36
  },
  "weighted avg": {
    "precision": 0.4185846560846561,
    "recall": 0.4166666666666667,
    "f1-score": 0.4046160130718954,
    "support": 36
  }
}